{"AAPL":[0.218697,0.216683,0.21592,0.214119,0.213204,0.214119,0.214119,0.214119,0.214119,0.21769,0.001963],"MSFT":[0.202095,0.198693,0.198189,0.200722,0.200722,0.204033,7.1e-05],"NVDA":[0.349982,0.351203,0.351416,0.351447,0.351447,0.357245,0.000987],"AMZN":[0.264045,0.266365,0.266334,0.266334,0.003916],"META":[0.289154,0.288703,0.286544,0.286544,0.000498],"GOOGL":[0.291786,0.294471,0.294471,0.000987],"GOOG":[0.290809,0.293464,0.293464,0.000498],"AVGO":[0.383261,0.38941,0.38941,0.003916],"BRK-B":[0.162194,0.169091,0.169091,0.001963],"LLY":[0.300979,0.294029,0.294029,0.000132],"JPM":[0.264503,0.001963],"TSLA":[0.548787,0.000987],"V":[0.212349,0.001963],"WMT":[0.209175,0.003916],"XOM":[0.209297,0.001963],"PG":[0.181771,0.000987],"UNH":[0.344657,0.001963],"MA":[0.201729,0.000987],"COST":[0.258507,0.000987],"ORCL":[0.515233,0.001963],"HD":[0.205391,0.001963],"JNJ":[0.191475],"MRK":[0.317146],"BAC":[0.268806],"ADBE":[0.307899,0.001963],"PEP":[0.270759,0.003916],"KO":[0.170418,0.003916],"CSCO":[0.20765,0.001963],"CVX":[0.206948],"CRM":[0.301765,0.003916],"NFLX":[0.275047,0.000498],"LIN":[0.193612],"AMD":[0.4242,0.001963],"WFC":[0.303657],"TMO":[0.298271],"PM":[0.258186],"INTU":[0.268501],"TXN":[0.289009],"ABT":[0.24073],"ACN":[0.438024],"INTC":[0.003916],"QCOM":[0.303169],"NKE":[0.001963],"DIS":[0.003916],"AMGN":[0.000498],"CAT":[0.000987],"MCD":[7.1e-05],"^VIX":[0.1572]}