{"AAPL":[0.218697,0.216683,0.21592,0.214119,0.213204,0.214119,0.214119,0.214119,0.214119,0.21769],"MSFT":[0.202095,0.198693,0.198189,0.200722,0.200722,0.204033],"NVDA":[0.349982,0.351203,0.351416,0.351447,0.351447,0.357245],"AMZN":[0.264045,0.266365,0.266334,0.266334],"META":[0.289154,0.288703,0.286544,0.286544],"GOOGL":[0.291786,0.294471,0.294471],"GOOG":[0.290809,0.293464,0.293464],"AVGO":[0.383261,0.38941,0.38941],"BRK-B":[0.162194,0.169091,0.169091],"LLY":[0.300979,0.294029,0.294029],"JPM":[0.264503],"TSLA":[0.548787],"V":[0.212349],"WMT":[0.209175],"XOM":[0.209297],"PG":[0.181771],"UNH":[0.344657],"MA":[0.201729],"COST":[0.258507],"ORCL":[0.515233],"HD":[0.205391],"JNJ":[0.191475],"MRK":[0.317146],"BAC":[0.268806],"ADBE":[0.307899],"PEP":[0.270759],"KO":[0.170418],"CSCO":[0.20765],"CVX":[0.206948],"CRM":[0.301765],"NFLX":[0.275047],"LIN":[0.193612],"AMD":[0.4242],"WFC":[0.303657],"TMO":[0.298271],"PM":[0.258186],"INTU":[0.268501],"TXN":[0.289009],"ABT":[0.24073],"ACN":[0.438024]}